
{
    "$schema": "https://schema.management.azure.com/schemas/2015-01-01/deploymentParameters.json#",
    "contentVersion": "1.0.0.0",
    "parameters": {
        "vmName1": {
            "value": "BackendVM1"
        },
        "nicName1": {
            "value": "BackendVM1-nic"
        },
        "vmName2": {
            "value": "BackendVM2"
        },
        "nicName2": {
            "value": "BackendVM2-nic"
        },
        "vmSize": {
            "value": "Standard_DS1_v2"
        },
        "adminUsername": {
            "value": "TestUser"
        },
        "adminPassword": {
            "value": "TestPa$$w0rd!"
        }
    }
}
