{
    "$schema": "https://schema.management.azure.com/schemas/2015-01-01/deploymentTemplate.json#",
    "contentVersion": "1.0.0.0",
    "parameters": {
       "vmName1": {
         "type": "string",
         "metadata": {
              "description": "description"
          }
      },
      "nicName1": {
         "type": "string",
         "metadata": {
              "description": "description"
          }
      },
         "vmName2": {
         "type": "string",
         "metadata": {
              "description": "description"
          }
      },
      "nicName2": {
         "type": "string",
         "metadata": {
              "description": "description"
          }
      },
      "vmSize": {
        "type": "string",
        "defaultValue": "Standard_D2s_v3",
        "metadata": {
          "description": "Virtual machine size"
        }
      },
      "adminUsername": {
        "type": "string",
        "metadata": {
          "description": "Admin username"
        }
      },
      "adminPassword": {
        "type": "securestring",
        "metadata": {
          "description": "Admin password"
        }
      }
    },
  "variables": {
    "virtualNetworkName": "CoreServicesVNet",
    "nsgName1": "ContosoPublic-nsg",
    "nsgName2": "ContosoPrivate-nsg",
    "PIPName1": "ContosoPublic-ip",
    "PIPName2": "ContosoPrivate-ip",
    "subnetName1": "Public",
    "subnetName2": "Private",
    "subnetRef1": "[resourceId('Microsoft.Network/virtualNetworks/subnets', variables('virtualNetworkName'), variables('subnetName1'))]",
    "subnetRef2": "[resourceId('Microsoft.Network/virtualNetworks/subnets', variables('virtualNetworkName'), variables('subnetName2'))]",
    "computeApiVersion": "2018-06-01",
    "networkApiVersion": "2018-08-01"
  },
    "resources": [
        {
            "name": "[parameters('vmName1')]",
            "type": "Microsoft.Compute/virtualMachines",
            "apiVersion": "[variables('computeApiVersion')]",
            "location": "[resourceGroup().location]",
            "dependsOn": [
                "[parameters('nicName1')]"
            ],
            "properties": {
                "osProfile": {
                    "computerName": "[parameters('vmName1')]",
                    "adminUsername": "[parameters('adminUsername')]",
                    "adminPassword": "[parameters('adminPassword')]",
                    "windowsConfiguration": {
                        "provisionVmAgent": "true"
                    }
                },
                "hardwareProfile": {
                    "vmSize": "[parameters('vmSize')]"
                },
                "storageProfile": {
                    "imageReference": {
                        "publisher": "MicrosoftWindowsServer",
                        "offer": "WindowsServer",
                        "sku": "2019-Datacenter",
                        "version": "latest"
                    },
                    "osDisk": {
                        "createOption": "fromImage"
                    },
                    "dataDisks": []
                },
                "networkProfile": {
                    "networkInterfaces": [
                        {
                            "properties": {
                                "primary": true
                            },
                            "id": "[resourceId('Microsoft.Network/networkInterfaces', parameters('nicName1'))]"
                        }
                    ]
                }
            }
            },
         
        {
            "name": "[parameters('nicName1')]",
            "type": "Microsoft.Network/networkInterfaces",
            "apiVersion": "[variables('networkApiVersion')]",
            "location": "[resourceGroup().location]",
            "comments": "Primary NIC",
            "dependsOn": [
                "[variables('nsgName1')]",
                "[variables('PIPName1')]"
            ],
            "properties": {
                "ipConfigurations": [
                    {
                        "name": "ipconfig1",
                        "properties": {
                            "subnet": {
                                "id": "[variables('subnetRef1')]"
                            },
                            "privateIPAllocationMethod": "Dynamic",
                            "publicIPAddress": {
                                 "id": "[resourceId('Microsoft.Network/publicIPAddresses', variables('PIPName1'))]"
                            }
                        }
                    }
                ],
                "networkSecurityGroup": {
                    "id": "[resourceId('Microsoft.Network/networkSecurityGroups', variables('nsgName1'))]"
                }
            }
        },
        {
            "name": "[variables('nsgName1')]",
            "type": "Microsoft.Network/networkSecurityGroups",
            "apiVersion": "[variables('networkApiVersion')]",
            "location": "[resourceGroup().location]",
            "comments": "Network Security Group (NSG) for Primary NIC",
            "properties": {
                "securityRules": [
                    {
                        "name": "default-allow-rdp",
                        "properties": {
                            "priority": 1000,
                            "sourceAddressPrefix": "*",
                            "protocol": "Tcp",
                            "destinationPortRange": "3389",
                            "access": "Allow",
                            "direction": "Inbound",
                            "sourcePortRange": "*",
                            "destinationAddressPrefix": "*"
                        }
                    }
                ]
            }
        },
{
            "name": "[parameters('vmName2')]",
            "type": "Microsoft.Compute/virtualMachines",
            "apiVersion": "[variables('computeApiVersion')]",
            "location": "[resourceGroup().location]",
            "dependsOn": [
                "[parameters('nicName2')]"
            ],
            "properties": {
                "osProfile": {
                    "computerName": "[parameters('vmName2')]",
                    "adminUsername": "[parameters('adminUsername')]",
                    "adminPassword": "[parameters('adminPassword')]",
                    "windowsConfiguration": {
                        "provisionVmAgent": "true"
                    }
                },
                "hardwareProfile": {
                    "vmSize": "[parameters('vmSize')]"
                },
                "storageProfile": {
                    "imageReference": {
                        "publisher": "MicrosoftWindowsServer",
                        "offer": "WindowsServer",
                        "sku": "2019-Datacenter",
                        "version": "latest"
                    },
                    "osDisk": {
                        "createOption": "fromImage"
                    },
                    "dataDisks": []
                },
                "networkProfile": {
                    "networkInterfaces": [
                        {
                            "properties": {
                                "primary": true
                            },
                            "id": "[resourceId('Microsoft.Network/networkInterfaces', parameters('nicName2'))]"
                        }
                    ]
                }
            }
            },
         
        {
            "name": "[parameters('nicName2')]",
            "type": "Microsoft.Network/networkInterfaces",
            "apiVersion": "[variables('networkApiVersion')]",
            "location": "[resourceGroup().location]",
            "comments": "Primary NIC",
            "dependsOn": [
                "[variables('nsgName2')]",
                "[variables('PIPName2')]"
            ],
            "properties": {
                "ipConfigurations": [
                    {
                        "name": "ipconfig1",
                        "properties": {
                            "subnet": {
                                "id": "[variables('subnetRef2')]"
                            },
                            "privateIPAllocationMethod": "Dynamic",
                             "publicIPAddress": {
                                 "id": "[resourceId('Microsoft.Network/publicIPAddresses', variables('PIPName2'))]"
                            }
                        }
                    }
                ],
                "networkSecurityGroup": {
                    "id": "[resourceId('Microsoft.Network/networkSecurityGroups', variables('nsgName2'))]"
                }
            }
        },
        {
            "name": "[variables('nsgName2')]",
            "type": "Microsoft.Network/networkSecurityGroups",
            "apiVersion": "[variables('networkApiVersion')]",
            "location": "[resourceGroup().location]",
            "comments": "Network Security Group (NSG) for Primary NIC",
            "properties": {
                "securityRules": [
                    {
                        "name": "default-allow-rdp",
                        "properties": {
                            "priority": 1000,
                            "sourceAddressPrefix": "*",
                            "protocol": "Tcp",
                            "destinationPortRange": "3389",
                            "access": "Allow",
                            "direction": "Inbound",
                            "sourcePortRange": "*",
                            "destinationAddressPrefix": "*"
                        }
                    }
                ]
            }
        },
         {
  "type": "Microsoft.Network/publicIPAddresses",
  "apiVersion": "2021-05-01",
  "name":  "[variables('PIPName1')]",
  "location": "[resourceGroup().location]",
  "sku": {
    "name": "Basic",
    "tier": "Regional"
  },
  "properties": {
    "publicIPAddressVersion": "IPv4",
    "publicIPAllocationMethod": "Dynamic"
  }
},
        
        {
  "type": "Microsoft.Network/publicIPAddresses",
  "apiVersion": "2021-05-01",
  "name":  "[variables('PIPName2')]",
  "location": "[resourceGroup().location]",
  "sku": {
    "name": "Basic",
    "tier": "Regional"
  },
  "properties": {
    "publicIPAddressVersion": "IPv4",
    "publicIPAllocationMethod": "Dynamic"
  }
}
    ],
    "outputs": {}
}
